spanish,english,example
A Menudo,Often,
Abrazar,Hug/Best Wishes, 
Acertar,Hit/Guess,
Actuar,To Act,
Acuerdo,Agree,
Acostar,Go to bed,
AdemÃ¡s,Besides,
Adquirir,Acquired/Obtained,
Agobiar,Burden/Overwhelm/Opress,
Agotar,Exahusted,
Alegrar,To cheer up/To make happy,
Alquiler,To rent,
Alrededor,Around,
Altura,Height,La altura maxima para el puente es de dos metros
Alumno,Student,
Amarga,Bitter,
Ambiente,Environment,
Amistad,Friendship,
Amplio,Wide/Large/Spacious,
Anterior,Previous/Front,
Apagar,Off,Cuando salgo dejo siempre la computadora apagada
Apodar,Nickname,
Apoyo,Support,
Apuntar,Point/Aim,
Apuntes,Notes,
Arreglar,Fix,Tengo que arreglar mi computador para poder terminar el proyecto
Arrepentirse,To Be Sorry,
Arriesgar,Risky,
Arrojar,To throw,"Por favor, no arroje nada por la ventana del tren"
Aunque,Even though,"Aunque esta lloviendo, el paisaje esta precioso"
AutÃ³nomo,Freelancer,
Avisar,To Warn/To Tell,
Bastante,Enough,
Beca,Scholarship/Grant,
billete,Ticket,
Bocadillo,Sandwich,
Bolera,Bowling,
Botaneros,Snacks,
Bromas,Jokes,
Buque,Vessle/Ship ,
Buzo,Diver,
Cadena,Chain,Ella lleva una cadena de oro 
Caer,Fall,
Caja,Box,
Camioneta,Truck,
Canela,Cinnamon,
Cansar,To Tire,
Cargar,To laod/To charge,
Cartas,Cards,
Casera,Homemade,
Catrato,Contract,
CÃ³mplice,Accomplice,
Comportar/Comportando/Comportado,To involve,
Conferenciante,Speaker,
Conseguir,To Get,
Consejo,Advice,
Construido,To Construct,
Contratar,To Hire,
Convertir,To Become,
Corbata,Tie,
Cortar,Cut/Clipped/Short,
Cortinas,Curtains,Sheila misma instalo las cortinas de la cocina
Crear,Create,
Crecer,To grow,
Crueles,Cruel,
Cruzar,Cross ,
Cuchara,Spoon,
Cuento,Story/Tale,
Cuidar,Take Care Of,
DaÃ±ar,Damaged,
Danza,Dance,
Deber,To Owe/Should,
Deberes,Homework,
Decidir,To Decide,
Dejar,To leave,
delantera,Forward/Lead,
Demandar,Demand,
Dentro,Inside,
DesagÃ¼e,Drain,El plomero nos dijo el desague estaba trapdo con pelos
Desaparecidos,Disappeared ,
Descansar,To rest,
Descarte,Discard/Dismiss,
Desear,To Want/Wish,
Desempleada,Unemployed,
Desventaja,Disadvantage,
Detallar,Detailed,
Detestar,Hate/Detest,
DiseÃ±ados,Designed,
Disponible,Available,
Distraer,To Distract,
Dudar,To doubt,
DueÃ±a,Owner,
Duro,Tough/Hard/Harsh,
Elaborar,To Produce,
Elegir,Choose,
Ello,It,
Empleados,Employees,
Emprendedor,Entrepreneur,
Empujar,Shove/Push,
Encargar,To order,
Encontrar,To Find,
Enfermedad,Illness,
Enojada,Angry/Mad/Upset,
Ensayo,Rehearsal,
Entreno,Train,
enviar,Send,
EscalofrÃ­os,Chills,
Etnia,Ethnicity,
Evitar,To avoid,
Extranjero,Abroad,
Falla,Fault/Flaw/Failure,
Fiebre,Fever,
Fluir,Flow/Stream,
Frigo,Fridge,
Fugar,Leak,
Garganta,Throat,
Gobierno,Government,
Grabar,To Record,
Graves,Severe,
Gritar,Shout,El nino grito cuando vio la arana
Grosero,Rude/Vulgar,
GuÃ­a,Leader/Guide,
Haber,To Have,
habilidades,Ability,
Harina,Flour,
Herramienta,Tool,
Hechos,Facts,
Herir,To Hurt,
Hojas,Leaf,
Hombro,Shoulder,
Hoyo,Hole,
Huelen,Smell/Sniff/Scent,
Infancia,Childhood,
Inscrito,Registered,
Inundaciones,Flood,
Invertida,Inverted,
JabÃ³n,Soap,
La carta de motivaciÃ³n,The cover letter,
Lado y Lado,Side to side,
Ladrones,Thieves,
Ley,Laws,
Liquidar,Liquid,
Llevar,Wear,
LÃºdico,Playful/Fun,
Madrugada,Early Morning,
Malestar,unwell,
Mantequilla,Butter,
Marcada,Marked,"Aunque Sam habla bien espanol, tiene un marcado acento britanico"
Marear,Dizzy,
Matar,Kill ,
Medios,The means,
Menores,Younger,
Mentiras,Lie,
Mermelada,Jam,
Meterse,To go in,
Miedo,Fear,
Nacer,To be born,Su bebe nacera muy pronto
Nociones,Notion,
Ocupar,To take up,Los juguetes de los ninos ocupan much oespacio 
Odiar,Hate,
Olor,Smell/Scent/Odor,
Ordenador,Computer,
Orgullosa,Proud,
Ovia,Obvious,
Paisaje,Landscape,
Para que lo sepas,Just so you know,
Parecer,To seem,
Parecido,Similar,
Partida,Hand/Round of a game,
Pasillo,Aisle/Corridor/Passageway,
Patrullar,Patrol,
Paz,Peace,
Pecho,Chest,
Pedir,To ask/order,
Pelear,To fight ,
PeriÃ³dicos,Newspaper,
Perjudicarte,Harm you/ damage you,
Perseguir,To persue,
Pico,Mountain Peak,
Piedra,Stones,
Pierdas,Lose/Miss,
Pilas,Battery,
Pista,Track/Clue,
Pizarra,Blackboard,
Plomero,Plumber,
Polemico,Controversial,
Polvos,Dust/Powder,
Ponencia,Presentation,
Prescindir,To do without ,
Presencial,In person,
PresiÃ³n,Pressure,
Prestar,Pay/Provide/Borrow,
Pruebas,Tests,
Previa,Prior,
PrevisiÃ³n,Precaution/Forecast,
Primeros Auxilios,First Aid,
Profunda,Deep,
Propio,Own,
Puente,Bridge,
Punto de Encuentro,Meeting Point ,
Quemarte,Burn/Incinerate,
Quitar,Remove/Take off/Take away,
Raza,Race,
Recetar,To prescribe,
Recursos,Resource,
Refinado,Refined,
Regalos,Gifts,
Reglas,Rules,
Regresar,Return,
Repente,Sudden movement,
Requisito,Requirement,
Rescatar,Rescue,
Retirado,Retired,
Revisar,Revise,
Revistas,Magazine,
Rivales,Rivals,
Rodear,Surround,
Romper,To Break,
Rueda,Wheel,
Ruido,Noise,
Sagrado,Sacred/Holy,
Saltamontes,Grasshopers,
Saltar,Jump,
Sangrientos,Bloody,
Sed,Thirsty ,
Seguir,To Continue,
Segundo,Second,
Seguridad,Secuirty,
Sentir,To Feel,
Sigle,Centry,
Signo,Sign,
Siguiente,Follow,
Sin Embargo,However,
SÃ­ntomas,Symptoms,
Solicitud,Application,
Solicitud de Empleo,Job application,
Sombra,Shadow,
Sonar,Sound,
Soportar,Endure/Bear,
Sorprendida,Suprised,
Subir,Rise/To go up,
Suceder,Happen/Occur,
Sudada,Sweaty,
Suegro,Father-in-law,
Suele,Usually/often,
SueÃ±o,Dream,
Suerte,Lucky,
Suponer,Suppose,
Taller,Workshop,
Temblor,Trembling/Tremor,
Temporada,Season,
TeorÃ­a,Theory,
Terremoto,Earthquake,
Tierra,Earth/Soil/Land,
Torneo,Tournament,
Trapo,Rag/Cloth,
Tratar,To Treat,
Trozos,Piece,
Valle,Valley,
Vancuna,Vaccine,Las vacunas nos protegen de enfermedades graves
Vaya,Well,
Venir,To come,
Ventaja,Advantage,
Villanos,Villains,
Volar,Fly,
Paso de Peatones,Cross Walk,
Par de veces,Couple of times,
Previa,Previous,
Puesto,Position,
Firmar,Sign,
Mojado,Wet,
Tema,Theme/Topic,
Apenada,Grieved/Sorrowful/Distressed,
Romper el hielo,Break the ice,
Ofrecer,Offer,
VergÃ¼enzas,Shame/Embarrassment,
Chocar,"Crash, Collide, Clash",
Disculpa,Excuse me/Forgive me,
JarrÃ³n,Vase,
Lastimar,Hurt/Injure/Shock,
Cuidado,Care/Caution/Warning,
Frontera,Frontier/boarder/boundary,
Rocosa,Rocky/Stony,
Termas,Hot Springs,
Mangas,Sleeves,
Abrigar,Snug/Sheltered/Warm,
Contar,Count/Tell/Reckon,
Puente,Bridge,
Locura,Madness/Insanity,
Caer,Fall,
Circuitos,Circuit/Loop,
Gratis,Free/For nothing,
Caballos,Horses,
Pelo,Hair,
Aerosilla,Chairlift,
Estilo,Style,
Suelto,Loose/Free,
CÃ¡rcel,Prison/Jail,
Ballenas,Whale,
Cualquier,Any/Whatever,
Cangrejo,Crab,
Ciervo,Deer,
Cordero,Lamb,
Moneda,Coin/Currency/Money,
Vecindario,Neighborhood,
Inventar,Invent,
Alcanzar,Reach/Achieve,
Modo,"Way,mode/manner",
Jamas,Never,
Intentar,To try,
BendiciÃ³n,Blessing,
Calidad,Quality,
Levanto,Lift Raise,
Perder,,
Costar,Cost,
AdemÃ¡s,In addition,
Pimiento,Pepper,
Migas,Crumbs,
Fregar,Do the dishes,
Compartir,To Share,
Desconocidos,Strangers,
Muebles,Furniture,
CalefacciÃ³n,Heating,
Vecinos,Neighbors,
Salada,Salty,
Pulpo,Octopus,
Llegar,Arrive,
Venir,To Come,
Disparos,Shooting,
Propinar,Suggest/Tip,